id	chain_type	CDR1	CDR2	CDR3	v_gene	j_gene	v_identity	j_identity	species
KX56-S0010-mL	K	QSLLDSDGKTY	LVS	WQGTHSPYT	IGKV1-135*01	IGKJ2*01	0.97	1.00	mouse
KX56-S0011-mL	K	QDISNY	YTS	QQGNTLRT	IGKV10-96*01	IGKJ1*01	0.99	0.92	mouse
KX56-S0012-mL	K	QDISNY	YTS	QQGNTLRT	IGKV10-96*01	IGKJ1*01	0.99	0.92	mouse
KX56-S0013-mL	K	SSVSY	DTS	QQWSSNPPT	IGKV4-59*01	IGKJ4*01	0.99	0.92	mouse
KX56-S0014-mL	K	ENIYSY	NAK	QHHYVTPLT	IGKV12-44*01	IGKJ5*01	0.97	1.00	mouse
KX56-S0015-mL	K	QDINTY	RAN	LQYDEFPFT	IGKV14-111*01	IGKJ4*01	0.98	0.83	mouse
KX56-S0016-mL	K	QDINTY	RAN	LQYDEFPFT	IGKV14-111*01	IGKJ4*01	0.96	0.83	mouse
KX56-S0017-mL	K	QSISNN	YAS	QQSNSWPWT	IGKV5-43*01	IGKJ1*01	0.96	1.00	mouse
KX56-S0018-mL	K	QSIVHSNGNTY	KVS	FQGSHVPYT	IGKV1-117*01	IGKJ2*01	0.97	1.00	mouse
KX56-S0019-mL	K	ENIYSY	NAK	QHHYGTPLT	IGKV12-44*01	IGKJ5*01	1.00	1.00	mouse
KX56-S0020-mL	K	QSIVHSNGNTY	KVS	FQGSHVPYT	IGKV1-117*01	IGKJ2*01	0.98	0.92	mouse
KX56-S0021-mL	K	ESVDSYGNSF	RAS	QQSNEDPYT	IGKV3-5*01	IGKJ2*01	0.96	1.00	mouse
KX56-S0022-mL	K	SSVSSSY	RTS	QQWSGYPFT	IGKV4-58*01	IGKJ4*01	0.92	1.00	mouse
KX56-S0023-mL	K	QDISNY	YTS	QQGNTLPWT	IGKV10-96*01	IGKJ1*01	0.98	1.00	mouse
KX56-S0024-mL	K	KSVSTSGYSY	LAS	QHSRELALT	IGKV3-12*01	IGKJ5*01	0.97	1.00	mouse
KX56-S0025-mL	K	SSVSSSY	RTS	QQWSGYPFT	IGKV4-58*01	IGKJ4*01	0.97	1.00	mouse
KX56-S0026-mL	K	QSLLDSDGKTY	LVS	WQGTHSPYT	IGKV1-135*01	IGKJ2*01	0.99	1.00	mouse
KX56-S0027-mL	K	KSVSTSGYSY	LAS	QHSRELALT	IGKV3-12*01	IGKJ5*01	0.95	1.00	mouse
KX56-S0028-mL	K	QSLLDSDGKTY	LVS	WQGTHSPYT	IGKV1-135*01	IGKJ2*01	0.98	1.00	mouse
KX56-S0029-mL	K	GNIHNY	NAK	QHFWSTPWT	IGKV12-41*01	IGKJ1*01	0.96	1.00	mouse
KX56-S0030-mL	K	QDIGRS	ATS	LQYGSSPLT	IGKV9-120*01	IGKJ5*01	0.95	1.00	mouse
KX56-S0031-mL	K	ESVEYYGTSL	AAS	QQSRKVPWT	IGKV3-1*01	IGKJ1*01	0.97	1.00	mouse
KX56-S0032-mL	K	GNIHNY	NAK	QHFWSTPWT	IGKV12-41*01	IGKJ1*01	0.95	1.00	mouse
KX56-S0033-mL	K	SSVSSSY	RTS	QQWSGYPFT	IGKV4-58*01	IGKJ4*01	0.94	1.00	mouse
KX56-S0034-mL	K	QDISNY	YTS	QQGNTLRT	IGKV10-96*01	IGKJ1*01	0.98	0.92	mouse
KX56-S0035-mL	K	GNIHNY	NAK	QHFWSTPWT	IGKV12-41*01	IGKJ1*01	0.95	1.00	mouse
KX56-S0037-mL	K	QDISNY	YTS	QQGNTLRT	IGKV10-96*01	IGKJ1*01	0.95	0.92	mouse
KX56-S0036-mL	K	QSISDY	YAS	QNGHSFPFT	IGKV5-39*01	IGKJ4*01	0.98	1.00	mouse
KX56-S0038-mL	K	TDIDDD	EGN	LQSDNLPYT	IGKV17-121*01	IGKJ2*01	0.96	1.00	mouse
KX56-S0010-mH	H	GYSFNYW	IHPYDSET	ARSGH	IGHV1-61*01	IGHJ2*02	0.84	0.71	mouse
KX56-S0011-mH	H	GYSFTGYY	INPYNGAT	ARGTARAFYAMDY	IGHV1-26*01	IGHJ4*01	0.87	1.00	mouse
KX56-S0012-mH	H	GYSFTGYN	IDPYYGDT	ARGTARAFYAMDY	IGHV1-39*01	IGHJ4*01	0.88	1.00	mouse
KX56-S0013-mH	H	GYSFTGYN	IDPYYGDT	ARGTARAFYAMDY	IGHV1-39*01	IGHJ4*01	0.87	1.00	mouse
KX56-S0014-mH	H	GYTFTNYW	IHPGGGYS	ASYGNYVSYAMDY	IGHV1-63*02	IGHJ4*01	0.91	1.00	mouse
KX56-S0015-mH	H	GYSFTGYN	IDPYYGDS	VRRTAATSMDY	IGHV1-39*01	IGHJ4*01	0.86	1.00	mouse
KX56-S0016-mH	H	GYSFTGYN	IDPYYGDS	VRRTAATSMDY	IGHV1-39*01	IGHJ4*01	0.86	1.00	mouse
KX56-S0017-mH	H	GFTFSSYA	ISSGGST	ARGDSSYVRYYAMDY	IGHV5-6-5*01	IGHJ4*01	0.97	1.00	mouse
KX56-S0018-mH	H	GYTFTCCW	IYPSDSYT	TREMITNLFPY	IGHV1-69*02	IGHJ3*01	0.84	0.93	mouse
KX56-S0019-mH	H	GYSFTGYN	IDPYYGDT	ARGTARAFYAMDY	IGHV1-39*01	IGHJ4*01	0.91	1.00	mouse
KX56-S0020-mH	H	GYTFTSYW	IYPSDSYS	TREMIPNLFPY	IGHV1-61*01	IGHJ3*01	0.89	0.93	mouse
KX56-S0021-mH	H	GYTFTSYV	INLYNDGT	ATGDYYGSSSYWYFDV	IGHV1-14*01	IGHJ1*01	0.93	1.00	mouse
KX56-S0022-mH	H	GYTFTSYV	INLYNDGT	ATGDYYGSSSYWYFDV	IGHV1-14*01	IGHJ1*01	0.95	1.00	mouse
KX56-S0023-mH	H	GYTFTSYW	IYPSDSYS	TREMIPNLFPY	IGHV1-61*01	IGHJ3*01	0.89	0.93	mouse
KX56-S0024-mH	H	GYTFTDYN	INPNNGGT	ARGIYYGDDGRLYAMDY	IGHV1-18*01	IGHJ4*01	0.98	1.00	mouse
KX56-S0025-mH	H	GYSFNYW	IHPYDSET	ARSGH	IGHV1-61*01	IGHJ2*02	0.87	0.71	mouse
KX56-S0026-mH	H	GYSFNYW	IHPYDSET	ARSGH	IGHV1-61*01	IGHJ2*02	0.86	0.71	mouse
KX56-S0027-mH	H	GYTFTDYN	INPNNGGT	ARGIYYGDDGRLYAMDY	IGHV1-18*01	IGHJ4*01	0.98	1.00	mouse
KX56-S0028-mH	H	GYSFNYW	IHPYDSET	ARSGH	IGHV1-61*01	IGHJ2*02	0.86	0.71	mouse
KX56-S0029-mH	H	GGSITSGY	ISYSGTT	ASLTSDY	IGHV3-8*02	IGHJ2*01	0.96	0.93	mouse
KX56-S0030-mH	H	GYTFTKYG	INTYTGEP	ARGDNSHYTMDD	IGHV9-1*02	IGHJ4*01	0.94	0.86	mouse
KX56-S0031-mH	H	GFSLSTSGMS	IWWNDDK	ARRYDGRFAY	IGHV8-8*01	IGHJ3*01	0.90	1.00	mouse
KX56-S0032-mH	H	GYSFTGYN	IDPYYGDT	ARGTARAFYAMDY	IGHV1-39*01	IGHJ4*01	0.88	1.00	mouse
KX56-S0033-mH	H	GYTFTSYV	INLYNDGT	ATGDYYGSSSYWYFDV	IGHV1-14*01	IGHJ1*01	0.93	1.00	mouse
KX56-S0034-mH	H	GYSFTDYN	IDPFIGTT	ARGNPYYFDY	IGHV1-22*01	IGHJ2*01	0.88	1.00	mouse
KX56-S0035-mH	H	GYSITSAYS	IHYSGST	ARTYGSIYGFAY	IGHV3-1*02	IGHJ3*01	0.92	1.00	mouse
KX56-S0037-mH	H	GYSFTGYN	IDPYYGDT	ARGTARAFYAMDY	IGHV1-39*01	IGHJ4*01	0.86	1.00	mouse
KX56-S0036-mH	H	GYSFNYW	IHPYDSET	ARSGH	IGHV1-61*01	IGHJ2*02	0.82	0.71	mouse
KX56-S0038-mH	H	GYTFTRYT	INPSSGYT	ATYGNYDY	IGHV1-4*01	IGHJ2*01	0.96	0.93	mouse
